AA3,1,North,,
,2,East,,
,3,West,,
,4,South,,
AA4,11,Delhi,,
,13,Himachal Pradesh,,
,14,Haryana,,
,15,Punjab,,
,16,Uttar Pradesh,,
,17,Uttaranchal,,
,21,Assam,,
,22,North East,,
,23,Bihar,,
,24,Jharkhand,,
,25,Orisha,,
,26,West Bengal,,
,31,Rajasthan,,
,32,Gujarat,,
,33,Madhya Pradesh,,
,34,Maharashtra,,
,35,Chattisgarh,,
,36,Goa,,
,41,Andhra Pradesh,,
,42,Karnataka,,
,43,Kerala,,
,44,Tamil Nadu,,
AA5,1,Town Class 1,,
,2,Town Class 2,,
,3,Town Class 3,,
,4,Town Class 4,,
,5,Town Class 5,,
AA6,6,Village Class 1,,
,7,Village Class 2,,
,8,Village Class 3,,
AA7,111011,Delhi,,
,135011,Parwanoo (M Cl),,
,136011,Shillihar (37/91),,
,137011,Dharwa (183),,
,138011,Bharanta Buhla  (259),,
,138021,Dhanach Chukhriya (20),,
,138031,Jamog (200),,
,138041,Kothi Pura  (228),,
,138042,Kothi Ser (172),,
,138051,Nana Khas  (74),,
,138061,Sarahan (15/41),,
,138071,Up Muhal Rangri,,
,143011,Rohtak (M Cl),,
,145011,Kheri Nangal (131) (CT),,
,146011,Bahri (Part)(389),,
,146021,Bir Hisar(145),,
,146031,Dighal(2),,
,146041,Jathlana (4),,
,146051,Kherla Punahana(169),,
,146061,Mohna(204),,
,146071,Raja Kheri (25),,
,146081,Siwana (132),,
,147011,Bhankhri (149),,
,147021,Dhudhla (106),,
,147031,Jarari(279),,
,147041,Kona (93),,
,147051,Nagla (290),,
,147061,Rudh (38),,
,147071,Udhamgarh (401),,
,148011,Brijpura(18),,
,148021,Mohri (5),,
,152011,Amritsar (M Corp. + OG) (Part),,
,153011,Chandigarh (M Corp. + OG),,
,153021,Pathankot (M Cl + OG),,
,154011,Phagwara (M Cl),,
,155011,Hussainpur (CT),,
,156011,Bachiwind (183),,
,156013,Badbar (69),,
,156021,Daulo Nangal  (33),,
,156031,Jandwala Mira Sangla (127),,
,156041,Malke (119),,
,156051,Rurka Kalan (36),,
,157011,Bagwanpur (15),,
,157012,Bahadar Ke,,
,157021,Bhopar Saidan (153),,
,157022,Bhorcchi Brahmnan (85),,
,157031,Dagam (133),,
,157041,Ghesal (697),,
,157042,Ghiora (182),,
,157051,Jhok Tahal Singh (260),,
,157061,Kishanpur urf Bakhshiwala (353),,
,157071,Manela (312),,
,157081,Pallah ((42),,
,157091,Sadhana (37),,
,157101,Talwandi Sanghra (58),,
,157102,Talwandi Sobha Singh (195),,
,158011,Birsarkar (424),,
,158021,Gaji  Gudana (104),,
,158031,Khaira Mushtarka (315),,
,158041,Mehsampur (228),,
,158051,Rawal Pindi (142),,
,158061,Watanwali (151),,
,162011,Allahabad (M Corp. + OG),,
,162021,Kanpur (M Corp. + OG),,
,162031,Lucknow (M Corp.),,
,162041,Meerut (M Corp.),,
,163011,Aligarh (M Corp.),,
,163021,Bareilly (M Corp. + OG),,
,163031,Farrukhabad-cum-Fatehgarh (NPP),,
,163041,Greater Noida (CT),,
,163051,Khurja (NPP + OG),,
,163061,Modinagar (NPP),,
,163071,Noida (CT),,
,163081,Saharanpur (M Corp.),,
,164011,Ayodhya (NPP),,
,164021,Gulaothi (NPP),,
,164031,Nagina (NPP),,
,165011,Achhnera (NPP),,
,165021,Bakalpur Mathura (CT),,
,165031,Bikapur (NP),,
,165041,Dehtora (CT),,
,165051,Ghorawal (NP),,
,165061,Jalalpur (NPP),,
,165071,Kathaura (CT),,
,165081,Kunwargaon (NP),,
,165091,Mehnagar (NP),,
,165101,Obra (NP),,
,165111,Ramnagar (NPP),,
,165121,Sarai Aquil (NP),,
,165131,Sirsi (NP),,
,166011,Abhaudopura,,
,166021,Amhera,,
,166031,Awayan,,
,166041,Bakuliha,,
,166051,Bardwara,,
,166061,Bela Bhela,,
,166071,Bhatahat,,
,166072,Bhatasa,,
,166081,Birdpur No.9,,
,166091,Chaubia Patkhauli,,
,166101,Darery,,
,166111,Dharnipur Bisayan,,
,166121,Fateh Garhi,,
,166131,Gharkaila,,
,166141,Halpura,,
,166151,Isapur,,
,166161,Jankinagar Grant,,
,166171,Kaima Buzurg,,
,166181,Karsar Beraura,,
,166191,Khandi,,
,166201,Kokil Patti,,
,166211,Kyonti Badulla,,
,166221,Madhu Pura,,
,166231,Malhath,,
,166241,Meetli,,
,166251,Muradpur,,
,166261,Natauli,,
,166271,Pagar,,
,166281,Pasaka,,
,166291,Poore Gulab,,
,166301,Ramdeeha,,
,166311,Reethi,,
,166321,Salahpur,,
,166331,Sarvad,,
,166341,Shekhupur,,
,166351,Sisaiyan,,
,166361,Takuawar,,
,166371,Tolwa Antdanpur,,
,167011,Adari,,
,167021,Akhlor,,
,167031,Amitia,,
,167041,Asgaha,,
,167051,Baburam Chhapara,,
,167061,Bahbalpur,,
,167071,Bali,,
,167081,Bara Dih,,
,167091,Barigaon,,
,167101,Baswna,,
,167111,Bewali,,
,167121,Bharaha,,
,167131,Bhikan Pur Sadasukh,,
,167141,Bigahna,,
,167151,Bisunpura,,
,167161,Chakra Gosai,,
,167162,Chakra Kolhua,,
,167171,Chaura Khas,,
,167181,Churaitha,,
,167191,Datawali,,
,167201,Dewra,,
,167211,Dherhni Saraiya,,
,167221,Dulhepur,,
,167231,Firozpur Banger,,
,167241,Gareruwa,,
,167251,Ghundikund Khurd,,
,167261,Govindpur Dugauli,,
,167271,Haradi Kalan,,
,167281,Hatsa,,
,167291,Ishanpur,,
,167301,Jajouli,,
,167311,Jasaura,,
,167321,Juraupur,,
,167331,Kalyanpur,,
,167341,Karanpur,,
,167351,Katheruwa,,
,167361,Khajuria,,
,167371,Khem Pur,,
,167381,Kishunpur Mafi,,
,167391,Kudhalabi,,
,167401,Labedpur,,
,167411,Leddupar,,
,167421,Magraich,,
,167431,Mai Bujurg,,
,167441,Mandauli,,
,167451,Math Surajgir,,
,167461,Mirpur,,
,167471,Mubarak Purlata,,
,167481,Mustafapur,,
,167491,Nainu Nangal,,
,167501,Naubrar Tripurarpur Khalsa,,
,167511,Niwarhar Khas,,
,167521,Pahitiyapur,,
,167531,Parai,,
,167541,Pathrahtha,,
,167551,Pipli,,
,167561,Pure Jabar,,
,167571,Rajawali,,
,167581,Rampur Mazara Bhuria,,
,167591,Rathgha,,
,167601,Sabalpur M. Rampur Fakire,,
,167611,Sakatpur,,
,167621,Sarai Chauri,,
,167631,Sarya Sani,,
,167641,Shahganj,,
,167651,Shivpuri,,
,167661,Siraulia,,
,167671,Sri Nagla,,
,167681,Taghrauli,,
,167691,Teria Bhawanipur,,
,167701,Tulsipur Kharika,,
,167711,Uttam Dhana,,
,168011,Agya Urf Bhitha,,
,168021,Anandipur,,
,168031,Badausa Sani,,
,168041,Bamhani,,
,168051,Barsath,,
,168061,Bhagautipur,,
,168071,Bhikharipur,,
,168081,Bishunpur Nagar,,
,168082,Bishunpur Pul,,
,168091,Chakia,,
,168101,Chholayan,,
,168111,Dawan Pura,,
,168121,Dheerpur,,
,168131,Fajalpur Near Puswara,,
,168141,Gathaura,,
,168151,Govindgarh,,
,168161,Hasanpura,,
,168171,Jagannath Pur,,
,168181,Javain,,
,168191,Kamala Pur,,
,168201,Kateli,,
,168211,Kharehra,,
,168221,Kondri Bholi,,
,168231,Lakhanpura,,
,168241,Magarichi,,
,168251,Malikpur Saraiya,,
,168261,Meerpur,,
,168262,Meerpur,,
,168271,Mudalia Ilahi Baksh,,
,168281,Naharpur,,
,168291,Nevada,,
,168301,Palanpur,,
,168311,Pawai,,
,168321,Pure Hiranand,,
,168331,Ramcola,,
,168341,Ratui Khera,,
,168342,Ratulasai,,
,168351,Sakatpur,,
,168361,Sarwar Nagar,,
,168371,Shitalpur,,
,168381,Sooraja,,
,168391,Tegapur,,
,168401,Udrapur,,
,173011,Hardwar (NPP + OG),,
,175011,Sunhaira (CT),,
,176011,Gola Range,,
,177011,Bakhtawarpur Grant,,
,177021,Kunja,,
,178011,Bainol,,
,178021,Churigar,,
,178031,Haraiya,,
,178041,Kot,,
,178051,Naugaon,,
,178061,Seri Barakot,,
,213011,Tinsukia (MB + OG),,
,215011,Majgaon (CT),,
,216011,Bar Bamakhata,,
,216021,Borbil Gaon No.3,,
,216031,Dhanehari Pt II,,
,216041,Hathi Para (Pathipara),,
,216051,Kasipur Grant,,
,216061,Mahamadpur Pt I,,
,216071,No.1 Mohbondha Grant,,
,216081,Rever Block II N.C.,,
,216091,Tipli Pt-III,,
,217011,Barbari 12/141 Orr,,
,217021,Bormota,,
,217031,Dewbali,,
,217041,Goroi Mari Borpukhuri,,
,217051,Kalugaon,,
,217052,Kalyanpur,,
,217061,Lawtola,,
,217071,Nargaon,,
,217081,Paliguri,,
,217101,Uttar Bankakata,,
,218011,Bali Gaon,,
,218021,Bhokua Mari Gaon,,
,218023,Bholaguri,,
,218031,Chengmari,,
,218041,Dikoi Terang,,
,218051,Gossaichapari,,
,218061,Kachrai Mathong No-1,,
,218071,Kismat Kuriha,,
,218081,Makri,,
,218091,Naptapara,,
,218101,No.2 Ulubari,,
,218111,Puthiakhat,,
,218121,Sibpur,,
,218131,Udmari Gaon (2),,
,223011,Imphal (MCI + OG) (Major part),,
,225011,Longleng (TC),,
,225012,Luwangsangbam (CT),,
,226011,Debichhara,,
,226021,Krishnapur (Part),,
,226031,Pencharthal,,
,226041,Urmai,,
,227011,Dakshin Padmabil,,
,227021,Pathso Nokeng,,
,227022,Patpuihmun,,
,228011,Dewkber,,
,228021,Lirmen,,
,228022,Lish Village,,
,228031,Papiwa  Sullung,,
,228041,Tuinuphai,,
,228042,Tuipajang,,
,232011,Patna (M Corp. + OG),,
,233011,Begusarai (M Corp.),,
,233021,Chapra (Nagar Parishad),,
,233031,Hajipur (Nagar Parishad),,
,233041,Purnia (M Corp.),,
,234011,Dumraon (Nagar Parishad),,
,234021,Masaurhi (Nagar Parishad),,
,234031,Supaul (Nagar Parishad),,
,235011,Bakhri (NP),,
,235021,Bikramganj (NP),,
,235031,Jainagar (NP),,
,235041,Maharajganj (NP),,
,235051,Naugachhia (NP),,
,235061,Saraiya (CT),,
,236011,Ahiapur  Maner,,
,236021,Araut,,
,236031,Bahpura,,
,236041,Bangawan,,
,236051,Bariarpur,,
,236061,Bazidpur Gorhauli,,
,236071,Bhaisahi,,
,236081,Bholsar,,
,236091,Bishunpura,,
,236101,Changel urf Madhurapur,,
,236111,Dahia,,
,236121,Dhanak Dobh,,
,236131,Dolmalpur,,
,236141,Ganguli,,
,236151,Gorakhri,,
,236161,Harpur Jan,,
,236171,Jahangirpur,,
,236181,Jitaura Jangal Mahal,,
,236191,Kandaul,,
,236201,Kaurihar,,
,236211,Khirhar,,
,236221,Kuhila,,
,236231,Lalpur,,
,236241,Mahamadpur Balmi,,
,236251,Makhmilpur,,
,236261,Masrakh,,
,236271,Mohni,,
,236281,Narayanpur,,
,236291,Nurullapur urf Jogirar,,
,236301,Papraur,,
,236311,Patsanda,,
,236321,Puran Tanr,,
,236331,Ramnagar Bankat,,
,236341,Rauta,,
,236342,Rauta Khem,,
,236351,Saidpur Dabra,,
,236361,Sarma,,
,236371,Shiunagar,,
,236381,Sisai,,
,236391,Supaul,,
,236401,Tilori,,
,237011,Bahuara,,
,237021,Bataspur,,
,237031,Birnagar,,
,237041,Chunidanr,,
,237051,Durga Dih,,
,237052,Durgapatti,,
,237061,Harla,,
,237071,Kajiar,,
,237081,Khoriari,,
,237091,Madhura,,
,237101,Milaki,,
,237111,Pachkesar,,
,237121,Pojhi Buzurg,,
,237131,Saidpur Naughara,,
,237141,Siripur,,
,237151,Tope Nawabganj,,
,238011,Bahuara Mani,,
,238021,Bhaisahi,,
,238022,Bhaisaurha,,
,238031,Chargoria,,
,238041,Faridpur,,
,238042,Faridpura,,
,238051,Hurmeth,,
,238052,Hurraha,,
,238061,Keam chak,,
,238071,Madhopur,,
,238081,Mohanpur,,
,238091,Parsawan Hathil,,
,238101,Sabalpur,,
,238111,Sugawan,,
,238121,Tola Pahar,,
,243011,Jamshedpur (NAC + OG),,
,244011,Sahibganj (Nagar Parishad),,
,245011,Chhota Gobindpur (CT),,
,245021,Musabani (CT),,
,246011,Bhandaria,,
,246021,Garilaung,,
,246031,Katchancho,,
,246041,Markacho,,
,246051,Polpol Kalan,,
,246061,Tundi,,
,247011,Bamanbaid,,
,247021,Chando,,
,247031,Goa,,
,247041,Karantola,,
,247051,Lungtu,,
,247061,Pathaljor,,
,247071,Sobranpur,,
,248011,Baghmari Alias Pakhalmar,,
,248021,Bari,,
,248031,Bindadih,,
,248041,Chhotaudali,,
,248042,Chhotabahiari,,
,248051,Dighria Kalan,,
,248061,Ghujhariya,,
,248071,Indrua,,
,248081,Kairodih,,
,248091,Kharbila,,
,248101,Lachhmanpur,,
,248111,Malwaria,,
,248121,Nawadih Alias Kalyanpur,,
,248131,Pesratanr,,
,248141,Rol,,
,248151,Sinduria,,
,248152,Sinduria,,
,248161,Tiringtipa,,
,253011,Sambalpur (M + OG),,
,254011,Barbil (M),,
,255011,Banki (NAC),,
,255021,Koida (CT),,
,256011,Arakhapur,,
,256021,Bharatpur,,
,256031,Dochhian,,
,256041,Jalanga,,
,256051,Khaman,,
,256061,Mentri,,
,256071,Purunapani,,
,256081,Soshahandi,,
,257011,Amatha,,
,257021,Balisahipatna,,
,257031,Bhutmunda,,
,257041,Damadua,,
,257051,Ghatkaintara,,
,257061,Jamuti,,
,257071,Kasipur,,
,257081,Kurti,,
,257091,Mundiguda,,
,257101,Panikeshar,,
,257111,Sabalabhanga,,
,257121,Sulahi,,
,258011,Adajore,,
,258021,Aturikana,,
,258031,Baisimul,,
,258041,Baramunda,,
,258051,Bhalukuna,,
,258061,Brahman badi,,
,258071,Chhepilipali,,
,258081,Dhalapada,,
,258091,Fataimunda,,
,258101,Godipatna,,
,258111,Hatapur,,
,258121,Jayapur,,
,258131,Kalicharanpalli,,
,258132,Kalidahi,,
,258141,Kasipada,,
,258151,Khemaloi,,
,258161,Kumuliput,,
,258171,Madapadar,,
,258181,Mariguda,,
,258191,Naranpur,,
,258201,Padmapur,,
,258211,Pediguda,,
,258221,Raipal,,
,258231,Saharda,,
,258241,Sardhapur,,
,258251,Subarnapur,,
,258261,Tentarida,,
,261011,Kolkata (M Corp.),,
,263011,Asansol (M Corp.),,
,263021,Basirhat (M),,
,263031,Habra (M),,
,263041,Maheshtala,,
,263051,Rajpur Sonarpur,,
,264011,Jangipur (M),,
,265011,Badamtam Tea Garden (CT),,
,265021,Ghoraberia (CT),,
,265031,Nahazari (CT),,
,266011,Aismali,,
,266021,Arangabad,,
,266031,Bainguri Tea Garden,,
,266041,Baor,,
,266051,Barwan,,
,266061,Bhadiswar,,
,266071,Bilaspur,,
,266081,Chakmakrampur,,
,266091,Chhat Rampur Dwitia Khanda,,
,266101,Dakshin Kalsur,,
,266111,Derya Chak,,
,266121,Dudhsar,,
,266131,Gangra,,
,266141,Godhanpara,,
,266151,Haraditya,,
,266161,Islampur,,
,266171,Jhikra,,
,266181,Kalera,,
,266191,Kariali,,
,266201,Khanji,,
,266211,Krishnabati,,
,266221,Lakhipur,,
,266231,Mahalandi,,
,266241,Mandila Jhar,,
,266251,Mirzapur,,
,266261,Nangalhata,,
,266271,Onari,,
,266281,Parpatna,,
,266291,Pontba,,
,266301,Raghunathpur,,
,266311,Ranjapur,,
,266321,Saktigar,,
,266331,Sekandara,,
,266341,Singhati,,
,266351,Suripara,,
,266361,Tulsiberia,,
,267011,Aligar,,
,267021,Baltala,,
,267031,Bhagabanpur,,
,267041,Chandipur Tafir,,
,267051,Debipur,,
,267061,Gayes,,
,267071,Hir Bandh,,
,267081,Kalaria,,
,267091,Kherua,,
,267101,Madhya Sahapur,,
,267111,Muidipur,,
,267121,Panchananpur,,
,267131,Radhanagar,,
,267141,Santoshpur,,
,267151,Suratpur,,
,268011,Andarbani,,
,268021,Bandi,,
,268031,Bhabanipur,,
,268041,Chak Daulat,,
,268051,Dabha,,
,268061,Digra,,
,268071,Goharia,,
,268081,Jadupur,,
,268091,Kalinagar,,
,268101,Kharikagora,,
,268111,Lep-Am,,
,268121,Mirga,,
,268131,Pachagerya,,
,268141,Pora Diha,,
,268151,Rautara,,
,268161,Shriharipur,,
,268171,Tentulia Bandh,,
,312011,Kota (M Corp.),,
,313011,Bhiwadi (M),,
,313021,Pali (M Cl),,
,314011,Makrana (M + OG) (Part),,
,315011,Bhuwana (CT),,
,315021,Khairthal (M),,
,315031,Phulera (M + OG),,
,315041,Sumerpur (M),,
,316011,12 AG,,
,316021,Bagren,,
,316031,Bhainsrorgarh,,
,316041,Chohtan,,
,316051,Gandwa,,
,316061,Jaisala,,
,316071,Katsoora,,
,316081,Lambiya,,
,316091,Mundara,,
,316101,Parasala,,
,316111,Riya-Shyamdas,,
,316121,Siwana,,
,317011,2 F-C,,
,317013,Abhay Pura,,
,317021,Alsar Bas,,
,317031,Bala Dahra,,
,317041,Basani Kalan,,
,317051,Bhauwa,,
,317061,Bunrawatan,,
,317071,Dagdaga,,
,317081,Dhani Majhau,,
,317091,Firozpura,,
,317101,Gordhanpura,,
,317111,Indpur,,
,317121,Jharpa,,
,317131,Kanwari,,
,317141,Khatan Khera,,
,317151,Kothiya,,
,317161,Lumbansar,,
,317171,Mastoora,,
,317181,Nagla Bhadoriya,,
,317191,Nimtalai,,
,317201,Payli,,
,317211,Ramjipura,,
,317221,Sahdoli,,
,317231,Semarthali,,
,317241,Sri Krishan Nagar,,
,317251,Todoopura,,
,318011,2 BRP,,
,318021,72 Np,,
,318031,Atrampura,,
,318041,Bas Hameer Khan,,
,318051,Bhom Beedasariya,,
,318061,Chauthpura,,
,318071,Dewalda,,
,318081,Gajjanadi,,
,318091,Gurha Askaran,,
,318101,Jal Kheri,,
,318111,Kalwari Jatt,,
,318121,Kharkhara,,
,318131,Kunda,,
,318141,Mali Khera,,
,318151,Motikilon Ki Dhani,,
,318161,Nemach,,
,318171,Poolamagra,,
,318181,Ratanpur,,
,318191,Sanwasa,,
,318201,Sodhai,,
,318211,Udhampura,,
,321011,Ahmadabad (M Corp.),,
,322011,Rajkot (M Corp. + OG),,
,323011,Bhavnagar (M Corp. + OG),,
,323021,Mahesana (M + OG),,
,324011,Modasa (M),,
,325011,Bareja (M),,
,325021,Jhalod (M),,
,325031,Reliance Complex (INA),,
,325032,Sachin (CT),,
,326011,Ardi,,
,326021,Bhumbhali,,
,326031,Daruniya,,
,326041,Gana,,
,326051,Jetpur,,
,326061,Khambha,,
,326071,Latipur,,
,326081,Moksi,,
,326091,Olpad,,
,326101,Ranverikhurd,,
,326111,Sherpura,,
,326112,Sherpura (Majadar),,
,326121,Umarda,,
,326131,Vavdi Adri,,
,327011,Achhidra,,
,327021,Balol,,
,327031,Bhukhli-Santhali,,
,327041,Chorvani,,
,327051,Dholwa,,
,327061,Ghatda,,
,327071,Jageshwar,,
,327081,Kamigadh,,
,327091,Khangan,,
,327101,Ladhod,,
,327111,Mankhetra,,
,327121,Muval,,
,327131,Pachchhegam,,
,327141,Pungam,,
,327151,Ruppura,,
,327161,Shera,,
,327171,Tidki,,
,327181,Vankiya,,
,328011,Bhilvaniya,,
,328021,Fotdi,,
,328031,Kadwali,,
,328041,Luvarsar,,
,328051,Ovanpurtimbo,,
,328061,Sarangpur,,
,328071,Vansoli,,
,332011,Bhopal (M Corp.),,
,333011,Betul (M),,
,333021,Nagda (M),,
,334011,Ashoknagar (M),,
,335011,Ambah (M),,
,335021,Chhanera (NP),,
,335031,Kareli (M),,
,335041,Mohgaon (NP),,
,335051,Rau (NP),,
,336011,Abhaypur,,
,336021,Beera,,
,336031,Dharampur,,
,336041,Jhapadipadla,,
,336051,Kuwan,,
,336061,Padari,,
,336071,Sarai,,
,337011,Amanala,,
,337021,Badnapur,,
,337031,Bankalpur,,
,337041,Belai,,
,337051,Bhunnas,,
,337061,Chakrampur,,
,337071,Chunhetiya,,
,337081,Dhamni Ktara,,
,337091,Edwara,,
,337101,Gola Khedi,,
,337111,Hikmi,,
,337121,Jeora (Khinha),,
,337131,Kamti,,
,337141,Khaira,,
,337151,Khursipar,,
,337161,Lakhan Pura,,
,337171,Majhera,,
,337181,Mohanpura,,
,337191,Nawada,,
,337201,Palwa,,
,337211,Piparhatti,,
,337221,Ramnagar,,
,337231,Sakarwat,,
,337241,Serpar,,
,337251,Suktara Ryt,,
,337261,Tolakhedi,,
,338011,Agri,,
,338021,Atri,,
,338031,Bamankhedi,,
,338041,Barkhedi Pithariya,,
,338051,Bhalwar,,
,338061,Bijaura,,
,338071,Chandameta Kalan,,
,338081,Chitlai,,
,338091,Devdahi,,
,338101,Dokarranji,,
,338111,Garentiyadangi,,
,338121,Guda Jarua,,
,338131,Hinotiya  Jagir,,
,338141,Jarjola,,
,338151,Kadura,,
,338161,Karnawad,,
,338171,Khamkheda,,
,338181,Khursipar,,
,338191,Kundanpura,,
,338201,Machwada,,
,338211,Mandai,,
,338221,Moiya,,
,338231,Naripura,,
,338241,Pahadi Basai,,
,338251,Pawadakhurd,,
,338261,Purwa,,
,338271,Rehli,,
,338281,Samogar Unmukt,,
,338291,Sherpura,,
,338301,Sukri,,
,338311,Tikuri,,
,341011,Greater Mumbai (M Corp.) (Part),,
,342011,Kalyan-Dombivli (M Corp.),,
,342021,Pimpri Chinchwad (M Corp.),,
,342031,Thane (M Corp.),,
,343011,Akola (M Corp.),,
,343021,Bhusawal (M Cl),,
,343022,Bid (M CI),,
,343031,Kolhapur (M Corp.),,
,343041,Nanded Waghala (M Corp.),,
,343051,Solapur (M Corp.),,
,344011,Dahanu (M Cl),,
,344021,Shegaon (M Cl),,
,345011,Ashti (CT),,
,345021,Gangakhed (M Cl),,
,345031,Koregaon (CT),,
,345041,Pandharpur (CT),,
,345051,Tarapur (CT),,
,346011,Andarsul,,
,346021,Barshi Takali,,
,346031,Bramhangaon,,
,346041,Dawwa,,
,346051,Gadga,,
,346061,Herwad,,
,346071,Kalvade,,
,346081,Keshegaon,,
,346091,Kotul,,
,346101,Mahindale,,
,346111,Mohadi Pr.dangari,,
,346121,Nazare,,
,346131,Pargaon Tarf Ale,,
,346141,Rajale,,
,346151,Sarnobatwadi,,
,346161,Shiroli,,
,346171,Tamsa,,
,346181,Vankas,,
,346191,Wasagade,,
,347011,Amboli,,
,347021,Bafanvihir,,
,347031,Bhamb,,
,347041,Borala,,
,347051,Chikhala,,
,347052,Chikhala,,
,347061,Dampuri,,
,347071,Dhanegaon,,
,347081,Dundre,,
,347091,Gholapwadi,,
,347101,Hardkhale,,
,347111,Jaipur Londe,,
,347121,Kajikanbas,,
,347131,Kari,,
,347141,Khamale  Hatti,,
,347151,Kirtanwadi Tarf Guhagar,,
,347161,Kundi,,
,347171,Mahadol,,
,347181,Manjarwane,,
,347191,Morkhed Bk.,,
,347201,Nanhi,,
,347202,Nanhori,,
,347211,Padale Bk.,,
,347221,Patharai,,
,347231,Pipla,,
,347241,Ravankola,,
,347242,Raver,,
,347251,Saregaon,,
,347261,Shelwali (Khadabachi),,
,347271,Sodegaon,,
,347281,Talegaon,,
,347291,Tudka,,
,347301,Vasantwadi,,
,347311,Waigaon,,
,347321,Yerur,,
,348011,Anjivade,,
,348021,Bevanal,,
,348031,Bori Bk.,,
,348041,Choudhar Bend,,
,348051,Dhondivali,,
,348061,Gawaritola,,
,348071,Helewadi,,
,348081,Juva Pankhol,,
,348091,Kauthewadi,,
,348101,Khutamba,,
,348111,Lalthane,,
,348121,Manjali Tarf Barhe,,
,348131,Muradpur,,
,348141,Nishane Bk.,,
,348151,Phakanabhatti,,
,348152,Phakirwadi,,
,348161,Ranjangaon,,
,348171,Sawali Kh,,
,348181,Sonartola,,
,348191,Thapati Tanda,,
,348201,Vihirgaon Mokasa,,
,348211,Yedsi Tanda,,
,352011,Raipur (M Corp. + OG),,
,353011,Rajnandgaon (M Corp.),,
,355011,Jhagrakhand (NP),,
,356011,Dondro (Part),,
,356021,Pondishankar,,
,357011,Bagmundipaneda,,
,357021,Bidbida,,
,357031,Deogaon,,
,357041,Godadih,,
,357051,Kapalphodi,,
,357061,Korbi,,
,357071,Masenar,,
,357081,Pandeathgaon,,
,357091,Sakalo,,
,357101,Tarri,,
,357102,Tarrighat,,
,358011,Bagdewa,,
,358021,Bhathora,,
,358031,Chhindpani,,
,358041,Dongadhakel,,
,358051,Haridaspur,,
,358061,Kansamar,,
,358071,Kishori,,
,358081,Madiapar,,
,358091,Naurangpur,,
,358101,Pinkapar,,
,358111,Sarima,,
,358121,Tihuladih,,
,365011,Siolim (CT),,
,366011,Siroda,,
,367011,Piligao,,
,411011,Hyderabad,,
,412011,Vijayawada (M Corp.) (Part),,
,413011,Chilakaluripet (M),,
,413021,Kakinada (M Corp. + OG) (Part),,
,413031,Mahbubnagar (M + OG),,
,413041,Rajahmundry (M Corp. + OG) (Part),,
,413051,Vizianagaram (M + OG),,
,414011,Kamareddy (M),,
,414021,Siddipet (M + OG),,
,415011,Dundigal (CT),,
,415021,Nakrekal (CT),,
,415031,Tirupati (NMA) (CT),,
,416011,Agnigundala,,
,416021,Ankireddipalem (R),,
,416031,Bandi Atmakur,,
,416041,Bommenapalle,,
,416051,Cheemalapadu,,
,416061,Chintalapudi,,
,416071,Dharmasagar,,
,416081,Enmanabetla,,
,416091,Gokaram,,
,416101,Gundlapalle,,
,416111,Ipuru Palem (Part),,
,416121,Kakani,,
,416131,Kanuparthi,,
,416141,Kodumur,,
,416151,Kopparthi,,
,416161,Kumarapalle (R),,
,416171,Maddirala,,
,416181,Mannarupoluru,,
,416191,Mubaraknagar,,
,416201,Nagaram,,
,416211,Nelapatla,,
,416221,Pamarru,,
,416231,Pedapadu  I,,
,416241,Perurupadu,,
,416251,Pulumamidi,,
,416261,Ravipadu,,
,416271,Santhavurity,,
,416281,Sultannagaram Gollapalem,,
,416291,Theertham,,
,416301,Upparapalle,,
,416311,Veldanda,,
,416321,Vutukuru,,
,417011,Abdulnagaram,,
,417021,Aradigunta,,
,417031,Bheemavaram,,
,417041,Chandradana,,
,417051,Chirrayanam,,
,417061,Dosapadu,,
,417071,Gidda,,
,417081,Gurjal (R) @ Talla Gurjal,,
,417091,Jonnalagadda,,
,417101,Karlagatta,,
,417111,Kondamudi,,
,417121,Kundalapalle,,
,417131,Maidpalle (W),,
,417141,Miniki,,
,417151,Nagireddiguda,,
,417161,Oddepalle,,
,417171,Pedda Ravula Palle,,
,417181,Pulikallu,,
,417191,Regadghanapur,,
,417201,Singapur,,
,417211,Telelma,,
,417221,Ulpara,,
,417231,Vemparala,,
,418011,Annasagar,,
,418021,Chennayavalasa,,
,418031,Gangapuram,,
,418041,Kadugulu,,
,418051,Kulupadu,,
,418061,Mukthapuram,,
,418071,Penamarti,,
,418081,Sarangi,,
,418091,Ummapur,,
,421011,BBMP (M Corp. + OG) (Part),,
,423011,Belgaum (M Corp. + OG),,
,423021,Gulbarga (M Corp. + OG),,
,423031,Mysore (M Corp. + OG),,
,424011,Haveri (CMC),,
,425011,Aurad (TP),,
,425021,Harapanahalli (TMC),,
,425031,Kurekuppa (CT),,
,425041,Sanoor (CT),,
,426011,Bagdal,,
,426021,Buzurkanchanalli,,
,426031,Ferozabad,,
,426041,Havanje,,
,426051,Irkalgada,,
,426061,Karatgi,,
,426071,Kudige,,
,426072,Kudipadi,,
,426081,Mantala,,
,426091,Narayanadevarakeri,,
,426101,Saptasagar,,
,426111,Tawargera,,
,426121,Yergol,,
,427011,Analebail,,
,427021,Bandrahal,,
,427031,Bijangera,,
,427041,Chikkahalli,,
,427051,Doddagoraghatta,,
,427061,Goundawad (Part),,
,427071,Hanumangudda(Hosur),,
,427081,Hosa Yedur,,
,427091,Jeeral,,
,427101,Kanithahalli,,
,427111,Kodagihalli,,
,427112,Kodagnur,,
,427121,Kusubur,,
,427122,Kutagal,,
,427131,Mandenakoppa,,
,427141,Mukkumpi,,
,427151,Nidavalalu,,
,427161,Rolla,,
,427171,Sidnekoppa,,
,427181,Thimmlapura,,
,427191,Yaladabagi,,
,428011,Arenahalli,,
,428021,Bhagyanagar,,
,428031,Chikkabadardinni,,
,428041,Domagera,,
,428051,Hadagali,,
,428061,Hosahalli,,
,428071,Kadirannagaripalli,,
,428081,Kerekeri,,
,428082,Kerekoppa,,
,428091,Lakmangule,,
,428101,Mathikere,,
,428111,Nellikoppa,,
,428121,Sanklipura,,
,428131,Teertha,,
,428141,Voddarapalya,,
,433011,Alappuzha (M + OG),,
,434011,Ottappalam (M),,
,435011,Chorode (CT),,
,435021,Mannanchery (CT),,
,435031,Thalakkulathur (CT),,
,436011,Aikaranad South,,
,436021,Arackal,,
,436031,Chakkittapara,,
,436041,Chittarikkal,,
,436051,Enanalloor,,
,436061,Kainakary South,,
,436071,Kappur,,
,436081,Kayaralam,,
,436091,Kollengode-I,,
,436101,Kulathoor,,
,436111,Kuzhalmannam-I,,
,436121,Mannamangalam,,
,436131,Mulakuzha (Part),,
,436141,Navaikulam,,
,436151,Padichira,,
,436161,Parappanangadi,,
,436171,Peringara,,
,436181,Pudussery East,,
,436191,Rayamangalam,,
,436201,Thekkumkara,,
,436211,Thuravoor Thekku,,
,436221,Vallikunnam,,
,436231,Vellarimala,,
,441011,Chennai (M Corp.),,
,442011,Madurai (M Corp.),,
,443011,Dindigul (M),,
,443021,Salem (M Corp.),,
,443031,Tirunelveli (M Corp.),,
,444011,Arakonam (M),,
,444021,Maduravoyal (M),,
,444031,Sivakasi (M),,
,445011,Annamalai Nagar (TP),,
,445021,Denkanikottai (TP),,
,445031,Kandanur (TP),,
,445041,Kottur (TP),,
,445051,Melvisharam (M),,
,445061,Omalur (TP),,
,445071,Perungudi (TP),,
,445081,Sholinganallur (TP + OG),,
,445091,Thiruvennainallur (TP),,
,445101,Vedasandur (TP),,
,446011,Alagapuri,,
,446021,Attiyur Thirukkai,,
,446031,Chinnavarikam,,
,446032,Chinnaveerampatti,,
,446041,Goodanagaram,,
,446051,Kalappanayakkenpatti,,
,446061,Kasthambady,,
,446071,Kombai ( R),,
,446081,Kurudampattu,,
,446091,Manurpalayam,,
,446101,Munnanad,,
,446111,Nellivasalnadu,,
,446121,Pandaravadai,,
,446131,Pillaiyarpatti,,
,446141,Rajendram (North),,
,446151,Settikarai,,
,446161,Thadicheri,,
,446171,Thokkiyam,,
,446181,Vadiveeswaram  (Part),,
,446191,Velur,,
,447011,Ammanambakkam,,
,447021,Bothakkadu,,
,447031,Ettipatti,,
,447041,Kalugapulikkadu,,
,447051,Keelkudi,,
,447061,Kottamedu,,
,447071,Manalur,,
,447081,Mobirippatti,,
,447091,Neelamalakottai,,
,447101,Pannapattu,,
,447111,Poongudi,,
,447121,Sangitapatti,,
,447131,Sithamoor,,
,447141,Thimmalai,,
,447151,Vadakumarai,,
,447161,Venkatramanujapuram,,
,448011,Anathur,,
,448021,Kallottu,,
,448031,Manikkampatti,,
,448041,Periyapatti,,
,448051,Thathampettai,,
AA8,1,Original,,
,2,Replacement 1,,
,3,Replacement 2,,
,4,Replacement 3,,
AA14,96,Jawali,,
,106,Rakkar,,
,118,Kullu,,
,122,Nermand,,
,156,Bilaspur Sadar,,
,164,Kasauli,,
,167,Rajgarh,,
,176,Ronhat,,
,180,Seoni,,
,201,Pathankot,,
,202,Gurdaspur,,
,205,Bhulath,,
,206,Kapurthala,,
,207,Sultanpur Lodhi,,
,208,Phagwara,,
,209,Shahkot,,
,210,Nakodar,,
,211,Phillaur,,
,217,Garhshankar,,
,219,Balachaur,,
,223,Khamanon,,
,232,Bagha Purana,,
,235,Firozpur,,
,236,Jalalabad,,
,237,Fazilka,,
,239,Malout,,
,244,Rampura Phul,,
,250,Samana,,
,253,Patiala,,
,255,Ajnala,,
,257,Amritsar- II,,
,258,Baba Bakala,,
,260,Patti,,
,271,Sangrur,,
,275,Barnala,,
,277,Chandigarh,,
,279,Mori,,
,283,Bhatwari,,
,297,Tehri,,
,303,Vikasnagar,,
,320,Pithoragarh,,
,341,Dhari,,
,345,Lalkuan,,
,351,Sitarganj,,
,353,Roorkee,,
,354,Hardwar,,
,356,Kalka,,
,358,Naraingarh,,
,361,Jagadhri,,
,366,Thanesar,,
,375,Panipat,,
,394,Hisar,,
,397,Bawani Khera,,
,405,Rohtak,,
,407,Beri,,
,412,Narnaul,,
,415,Bawal,,
,416,Pataudi,,
,424,Punahana,,
,426,Ballabgarh,,
,428,Hathin,,
,457,Karanpur,,
,461,Raisinghnagar,,
,467,Tibi,,
,469,Pilibanga,,
,477,Nokha,,
,485,Ratangarh,,
,487,Jhunjhunun,,
,488,Chirawa,,
,492,Udaipurwati,,
,493,Behror,,
,496,Tijara,,
,497,Kishangarh Bas,,
,498,Ramgarh,,
,499,Alwar,,
,500,Bansur,,
,502,Rajgarh,,
,512,Weir,,
,513,Bayana,,
,516,Bari,,
,517,Sepau,,
,518,Dhaulpur,,
,522,Hindaun,,
,529,Bonli,,
,537,Lalsot,,
,542,Phulera (Hq.Sambhar),,
,549,Bassi,,
,554,Danta Ramgarh,,
,558,Didwana,,
,560,Nagaur,,
,562,Merta,,
,565,Makrana,,
,567,Phalodi,,
,568,Osian,,
,571,Shergarh,,
,574,Jaisalmer,,
,580,Siwana,,
,583,Ramsar,,
,584,Chohtan,,
,587,Jalor,,
,596,Reodar,,
,597,Jaitaran,,
,601,Pali,,
,603,Desuri,,
,604,Sumerpur,,
,605,Bali,,
,606,Kishangarh,,
,612,Bhinay,,
,613,Sarwar,,
,641,Amet,,
,649,Simalwara,,
,658,Rawatbhata,,
,660,Kapasan,,
,661,Dungla,,
,664,Bari Sadri,,
,667,Ladpura,,
,675,Shahbad,,
,685,Mavli,,
,689,Girwa,,
,693,Sarada,,
,694,Rishabhdeo,,
,698,Chhoti Sadri,,
,702,Saharanpur,,
,708,Muzaffarnagar,,
,713,Bijnor,,
,714,Nagina,,
,715,Dhampur,,
,716,Chandpur,,
,720,Bilari,,
,721,Sambhal,,
,723,Suar,,
,733,Mawana,,
,734,Meerut,,
,736,Baghpat,,
,738,Modinagar,,
,742,Dadri,,
,743,Gautam Buddha Nagar,,
,744,Jewar,,
,746,Bulandshahr,,
,749,Debai,,
,751,Khurja,,
,752,Khair,,
,754,Atrauli,,
,755,Koil,,
,756,Iglas,,
,762,Mat,,
,764,Mathura,,
,766,Agra,,
,767,Kiraoli,,
,768,Kheragarh,,
,769,Fatehabad,,
,771,Tundla,,
,772,Firozabad,,
,774,Shikohabad,,
,775,Mainpuri,,
,778,Gunnaur,,
,779,Bisauli,,
,780,Bilsi,,
,782,Budaun,,
,784,Baheri,,
,787,Bareilly,,
,790,Pilibhit,,
,792,Puranpur,,
,795,Shahjahanpur,,
,796,Jalalabad,,
,797,Nighasan,,
,800,Mohammdi,,
,801,Lakhimpur,,
,804,Sitapur,,
,805,Laharpur,,
,806,Biswan,,
,807,Mahmudabad,,
,811,Hardoi,,
,812,Bilgram,,
,815,Hasanganj,,
,818,Bighapur,,
,820,Bakshi Ka Talab,,
,821,Lucknow,,
,822,Mohanlalganj,,
,823,Maharajganj,,
,825,Rae Bareli,,
,826,Lalganj,,
,830,Kaimganj,,
,832,Farrukhabad,,
,834,Kannauj,,
,835,Tirwa,,
,839,Bharthana,,
,845,Akbarpur,,
,847,Sikandra,,
,849,Kanpur,,
,850,Ghatampur,,
,856,Moth,,
,860,Jhansi,,
,861,Talbehat,,
,862,Lalitpur,,
,871,Banda,,
,873,Atarra,,
,874,Naraini,,
,875,Karwi,,
,876,Mau,,
,877,Bindki,,
,878,Fatehpur,,
,880,Lalganj,,
,883,Patti,,
,884,Raniganj,,
,886,Manjhanpur,,
,887,Chail,,
,888,Soraon,,
,890,Allahabad,,
,892,Karchhana,,
,895,Koraon,,
,897,Ramnagar,,
,901,Haidergarh,,
,903,Milkipur,,
,905,Faizabad,,
,906,Bikapur,,
,908,Allapur,,
,909,Jalalpur,,
,912,Musafirkhana,,
,914,Amethi,,
,921,Bahraich,,
,922,Kaiserganj,,
,927,Utraula,,
,928,Gonda,,
,929,Colonelganj,,
,931,Mankapur,,
,933,Naugarh,,
,939,Basti,,
,941,Mehdawal,,
,942,Khalilabad,,
,944,Nautanwa,,
,949,Sahjanwa,,
,950,Gorakhpur,,
,952,Bansgaon,,
,955,Padrauna,,
,956,Hata,,
,958,Tamkuhi Raj,,
,959,Deoria,,
,961,Barhaj,,
,962,Salempur,,
,965,Sagri,,
,967,Nizamabad,,
,970,Mehnagar,,
,975,Belthara Road,,
,977,Rasra,,
,978,Ballia,,
,979,Bansdih,,
,982,Badlapur,,
,983,Machhlishahr,,
,984,Jaunpur,,
,988,Saidpur,,
,992,Sakaldiha,,
,995,Pindra,,
,996,Varanasi,,
,998,Gyanpur,,
,1004,Ghorawal,,
,1005,Robertsganj,,
,1008,Etah,,
,1010,Kasganj,,
,1012,Patiyali,,
,1025,Chanpatia,,
,1027,Majhaulia,,
,1031,Raxaul,,
,1048,Kalyanpur,,
,1061,Dumri Katsari,,
,1062,Tariani Chowk,,
,1074,Dumra,,
,1077,Pupri,,
,1079,Bokhara,,
,1080,Madhwapur,,
,1081,Harlakhi,,
,1083,Jainagar,,
,1086,Laukahi,,
,1091,Benipatti,,
,1109,Supaul,,
,1110,Pipra,,
,1112,Narpatganj,,
,1124,Pothia,,
,1134,Purnia East,,
,1138,Amour,,
,1139,Baisa,,
,1146,Balrampur,,
,1168,Puraini,,
,1175,Saur Bazar,,
,1193,Biraul,,
,1200,Baruraj (Motipur),,
,1208,Katra,,
,1217,Bhorey,,
,1236,Maharajganj,,
,1247,Siswan,,
,1248,Mashrakh,,
,1252,Baniapur,,
,1258,Chapra,,
,1260,Marhaura,,
,1270,Lalganj,,
,1278,Hajipur,,
,1312,Barauni,,
,1314,Begusarai,,
,1316,Bakhri,,
,1332,Naugachhia,,
,1334,Gopalpur,,
,1336,Colgong,,
,1362,Tarapur,,
,1370,Ramgarh Chowk,,
,1371,Halsi,,
,1381,Chandi,,
,1398,Maner,,
,1400,Patna Rural,,
,1403,Bihta,,
,1405,Bikram,,
,1407,Paliganj,,
,1408,Masaurhi,,
,1419,Ghoswari,,
,1422,Arrah,,
,1429,Piro,,
,1435,Simri,,
,1440,Dumraon,,
,1455,Bhagwanpur,,
,1461,Bikramganj,,
,1463,Nasriganj,,
,1474,Tilouthu,,
,1484,Kutumba,,
,1497,Guraru,,
,1502,Dumaria,,
,1504,Dobhi,,
,1505,Bodh Gaya,,
,1509,Mohanpur,,
,1519,Akbarpur,,
,1522,Meskaur,,
,1529,Lakshmipur,,
,1531,Gidhaur,,
,1534,Chakai,,
,1536,Jehanabad,,
,1539,Ghoshi,,
,1540,Makhdumpur,,
,1541,Hulasganj,,
,1544,Karpi,,
,1559,Dirang,,
,1588,Gyawe Purang,,
,1708,Koloriang,,
,1758,Longchem,,
,1824,Panso,,
,1833,Longleng,,
,1862,Saitu-Gamphazol,,
,1871,Churachandpur,,
,1881,Lamphelpat,,
,1928,Teliamura,,
,1936,Melaghar,,
,1949,Salema,,
,1956,Panisagar,,
,1958,Pencharthal,,
,1993,Mawsynram,,
,2004,Kokrajhar (Pt),,
,2008,Dhubri (Pt),,
,2014,Balijana,,
,2017,Rangjuli,,
,2024,Bajali (Pt),,
,2026,Mayong,,
,2033,Rupahi,,
,2036,Raha,,
,2038,Hojai,,
,2041,Dhekiajuli (Pt),,
,2042,Chariduar,,
,2043,Tezpur,,
,2044,Na-Duar,,
,2052,North Lakhimpur,,
,2060,Doom Dooma,,
,2061,Tinsukia,,
,2062,Margherita,,
,2064,Dibrugarh East,,
,2077,Jorhat West,,
,2088,Donka,,
,2089,Diphu,,
,2098,Udarbond,,
,2099,Sonai,,
,2100,Lakhipur,,
,2103,Nilambazar,,
,2105,Ramkrishna Nagar,,
,2119,Hajo,,
,2120,Chhaygaon,,
,2125,Palasbari,,
,2134,Barkhetri,,
,2145,Khoirabari (Pt),,
,2146,Pathorighat (Pt),,
,2149,Dalgaon (Pt),,
,2154,Darjeeling Pulbazar,,
,2164,Phansidewa,,
,2167,Mal,,
,2172,Kumargram,,
,2173,Alipurduar - I,,
,2185,Tufanganj - I,,
,2191,Chopra,,
,2193,Goalpokhar - I,,
,2195,Karandighi,,
,2197,Hemtabad,,
,2201,Gangarampur,,
,2204,Balurghat,,
,2209,Harischandrapur - II,,
,2219,Manikchak,,
,2228,Raghunathganj - II,,
,2233,Raninagar - II,,
,2235,Domkal,,
,2240,Kandi,,
,2243,Nawda,,
,2248,Burwan,,
,2249,Murarai - I,,
,2250,Murarai - II,,
,2258,Rajnagar,,
,2262,Labpur,,
,2266,Dubrajpur,,
,2278,Mangolkote,,
,2279,Ketugram - I,,
,2290,Burdwan - II,,
,2291,Memari - I,,
,2295,Jamalpur,,
,2297,Khandaghosh,,
,2302,Tehatta - II,,
,2306,Krishnagar - II,,
,2310,Hanskhali,,
,2313,Ranaghat - II,,
,2315,Haringhata,,
,2327,Deganga,,
,2340,Arambag,,
,2343,Dhaniakhali,,
,2344,Pandua,,
,2353,Jangipara,,
,2363,Barjora,,
,2367,Kotulpur,,
,2374,Hirbandh,,
,2375,Ranibundh,,
,2385,Kashipur,,
,2392,Bagmundi,,
,2399,Amta - II,,
,2406,Uluberia - II,,
,2416,Bishnupur - II,,
,2425,Falta,,
,2426,Diamond Harbour - I,,
,2432,Jaynagar - II,,
,2441,Binpur - II,,
,2449,Daspur - I,,
,2451,Keshpur,,
,2452,Salbani,,
,2455,Jamboni,,
,2461,Kharagpur - II,,
,2466,Keshiary,,
,2471,Kolaghat,,
,2484,Nandigram - I,,
,2513,Bhandaria,,
,2525,Tandwa,,
,2531,Markacho,,
,2536,Jamua,,
,2537,Bengabad,,
,2544,Pirtanr,,
,2546,Mohanpur,,
,2550,Madhupur,,
,2564,Sahibganj,,
,2567,Barhait,,
,2575,Hiranpur,,
,2578,Pakuria,,
,2579,Tundi,,
,2580,Purbi Tundi,,
,2592,Peterwar,,
,2606,Golmuri-Cum-Jugsalai,,
,2609,Musabani,,
,2615,Hussainabad,,
,2623,Untari Road,,
,2626,Patan,,
,2633,Medininagar(Daltonganj),,
,2639,Latehar,,
,2643,Chandwa,,
,2667,Jarmundi,,
,2693,Mandar,,
,2699,Tamar I,,
,2703,Murhu,,
,2721,Kersai,,
,2730,Bandgaon,,
,2747,Kharsawan,,
,2755,Paikamal,,
,2778,Laikera,,
,2786,Sasan,,
,2799,Sambalpur (M),,
,2800,Debagarh,,
,2803,Reamal,,
,2811,Talasara,,
,2826,Koida,,
,2834,Barbil,,
,2855,Soso,,
,2868,Raruan,,
,2889,Raibania,,
,2896,Rupsa,,
,2897,Baleshwar Sadar,,
,2902,Remuna,,
,2914,Bhadrak Rural,,
,2920,Bansada,,
,2923,Rajnagar,,
,2928,Kendrapara Sadar,,
,2939,Tirtol,,
,2943,Balikuda,,
,2948,Banki,,
,2957,Salepur,,
,2976,Panikoili,,
,2978,Jajpur Sadar,,
,2990,Bhuban,,
,3011,Anugul,,
,3013,Industrial,,
,3014,Chhendipada,,
,3052,Tangi,,
,3068,Gadisagada,,
,3072,BUGUDA,,
,3089,PURUSOTTAMPUR,,
,3100,Adva,,
,3104,Kashinagara,,
,3136,Ulunda,,
,3140,Tarbha,,
,3146,Turekela,,
,3158,SINAPALI,,
,3167,Golamunda,,
,3172,Ambadala,,
,3173,Muniguda,,
,3177,Kashipur,,
,3197,Tentulikhunti,,
,3199,Kotpad,,
,3205,Bandhugaon,,
,3209,Jeypore,,
,3218,Pottangi,,
,3229,M.V. 79,,
,3233,Sonhat,,
,3234,Manendragarh,,
,3241,Shankargarh,,
,3247,Ambikapur,,
,3267,Raigarh,,
,3269,Kharsia,,
,3272,Katghora,,
,3273,Poundi-Uproda,,
,3274,Pali,,
,3275,Korba,,
,3281,Champa,,
,3290,Lormi,,
,3293,Pathariya,,
,3294,Takhatpur,,
,3296,Masturi,,
,3305,Rajnandgaon,,
,3318,Patan,,
,3319,Gunderdehi,,
,3323,Gurur,,
,3332,Raipur,,
,3345,Magarlod,,
,3354,Pakhanjur,,
,3359,Farasgaon,,
,3362,Bastanar,,
,3369,Dantewada,,
,3385,Ambah,,
,3391,Ater,,
,3400,Dabra (Pichhore),,
,3406,Bhander,,
,3408,Shivpuri,,
,3409,Narwar,,
,3412,Badarwas,,
,3413,Pichhore,,
,3415,Niwari,,
,3435,Ajaigarh,,
,3444,Khurai,,
,3449,Sagar,,
,3459,Jabera,,
,3467,Kotar,,
,3468,Amarpatan,,
,3469,Ramnagar,,
,3471,Teonthar,,
,3473,Sirmour,,
,3479,Huzur,,
,3483,Chandia,,
,3490,Jiran,,
,3495,Shamgarh,,
,3509,Nagda,,
,3510,Mahidpur,,
,3514,Badnagar,,
,3519,Shajapur,,
,3533,Sardarpur,,
,3543,Indore,,
,3561,Sendhwa,,
,3564,Khilchipur,,
,3568,Narsinghgarh,,
,3578,Gulabganj,,
,3580,Berasia,,
,3581,Huzur,,
,3592,Begamganj,,
,3596,Silwani,,
,3600,Betul,,
,3605,Amla,,
,3608,Harda,,
,3613,Itarsi,,
,3622,Barhi,,
,3634,Gotegaon,,
,3635,Gadarwara,,
,3636,Narsimhapur,,
,3637,Kareli,,
,3641,Niwas,,
,3644,Ghughari,,
,3653,Umreth,,
,3656,Sausar,,
,3659,Lakhnadon,,
,3660,Chhapara,,
,3662,Dhanora,,
,3664,Seoni,,
,3666,Kurai,,
,3667,Katangi,,
,3669,Waraseoni,,
,3678,Bamori,,
,3685,Chanderi,,
,3686,Ashoknagar,,
,3688,Mungaoli,,
,3704,Deosar,,
,3710,Ranapur,,
,3714,Harsud,,
,3718,Pandhana,,
,3721,Nepanagar,,
,3726,Bhuj,,
,3734,Dhanera,,
,3738,Vadgam,,
,3740,Deesa,,
,3757,Mahesana,,
,3763,Idar,,
,3769,Modasa,,
,3781,Ahmadabad City,,
,3782,Daskroi,,
,3793,Muli,,
,3797,Limbdi,,
,3803,Rajkot,,
,3814,Jamnagar,,
,3816,Dhrol,,
,3821,Jamjodhpur,,
,3828,Bhesan,,
,3832,Mangrol,,
,3833,Malia,,
,3835,Patan-Veraval,,
,3839,Kunkavav Vadia,,
,3843,Amreli,,
,3847,Khambha,,
,3851,Vallabhipur,,
,3854,Bhavnagar,,
,3858,Palitana,,
,3864,Anand,,
,3865,Petlad,,
,3870,Virpur,,
,3877,Mahudha,,
,3885,Godhra,,
,3891,Jhalod,,
,3895,Devgadbaria,,
,3897,Savli,,
,3900,Jetpur Pavi,,
,3904,Sankheda,,
,3915,Vagra,,
,3917,Jhagadia,,
,3918,Anklesvar,,
,3919,Hansot,,
,3925,Chikhli,,
,3926,Bansda,,
,3932,Olpad,,
,3933,Mangrol,,
,3938,Chorasi,,
,3954,Nandurbar,,
,3959,Dhule,,
,3962,Raver,,
,3965,Bhusawal,,
,3968,Dharangaon,,
,3971,Bhadgaon,,
,3977,Shegaon,,
,3979,Malkapur,,
,3981,Khamgaon,,
,3984,Buldana,,
,3987,Lonar,,
,3991,Akola,,
,3994,Barshitakli,,
,3999,Washim,,
,4003,Anjangaon Surji,,
,4004,Achalpur,,
,4015,Ashti,,
,4024,Katol,,
,4031,Nagpur (Rural),,
,4037,Tumsar,,
,4045,Goregaon,,
,4048,Salekasa,,
,4049,Sadak-Arjuni,,
,4054,Kurkheda,,
,4055,Korchi,,
,4057,Gadchiroli,,
,4065,Chimur,,
,4067,Brahmapuri,,
,4071,Chandrapur,,
,4098,Hadgaon,,
,4100,Nanded,,
,4101,Mudkhed,,
,4106,Naigaon (Khairgaon),,
,4109,Mukhed,,
,4114,Kalamnuri,,
,4116,Sailu,,
,4122,Gangakhed,,
,4137,Aurangabad,,
,4141,Paithan,,
,4145,Baglan,,
,4151,Trimbakeshwar,,
,4156,Yevla,,
,4158,Dahanu,,
,4163,Palghar,,
,4165,Thane,,
,4167,Shahapur,,
,4168,Kalyan,,
,4171,Murbad,,
,4173,Panvel,,
,4180,Sudhagad,,
,4181,Mangaon,,
,4187,Junnar,,
,4189,Shirur,,
,4190,Khed,,
,4193,Haveli,,
,4198,Bhor,,
,4200,Indapur,,
,4201,Akola,,
,4215,Ashti,,
,4221,Bid,,
,4226,Latur,,
,4228,Ahmadpur,,
,4230,Chakur,,
,4231,Shirur-Anantpal,,
,4240,Osmanabad,,
,4247,Solapur North,,
,4250,Malshiras,,
,4251,Sangole,,
,4254,Akkalkot,,
,4258,Phaltan,,
,4261,Koregaon,,
,4265,Karad,,
,4266,Mandangad,,
,4270,Guhagar,,
,4273,Lanja,,
,4278,Malwan,,
,4280,Kudal,,
,4286,Shirol,,
,4287,Karvir,,
,4291,Bhudargad,,
,4293,Gadhinglaj,,
,4295,Shirala,,
,4350,Bellampalle,,
,4368,Nizamabad,,
,4381,Sadasivanagar,,
,4390,Kamareddy,,
,4393,Ibrahimpatnam,,
,4446,Huzurabad,,
,4459,Siddipet,,
,4479,Andole,,
,4514,Nawabpet,,
,4518,Qutubullapur,,
,4528,Moinabad,,
,4529,Chevella,,
,4536,Yelal,,
,4562,Talakondapalle,,
,4568,Mahbubnagar,,
,4577,Vangoor,,
,4579,Achampet,,
,4609,Kollapur,,
,4621,Nuthankal,,
,4627,Valigonda,,
,4630,Pochampalle,,
,4631,Choutuppal,,
,4636,Nakrekal,,
,4650,Chintha Palle,,
,4675,Narmetta,,
,4677,Dharmasagar,,
,4682,Bhupalpalle,,
,4695,Hanamkonda,,
,4770,Seethampeta,,
,4792,Jalumuru,,
,4797,Ganguvarisigadam,,
,4812,Parvathipuram,,
,4822,Merakamudidam,,
,4836,Vizianagaram,,
,4845,Ananthagiri,,
,4848,G.Madugula,,
,4850,Gudem Kotha Veedhi,,
,4906,Rajahmundry (Urban),,
,4914,Kakinada (Urban),,
,4934,P.Gannavaram,,
,4943,Katrenikona,,
,4965,Pedapadu,,
,4967,Denduluru,,
,4993,Nandigama,,
,4998,A.Konduru,,
,5010,Vijayawada (Urban),,
,5028,Pamarru,,
,5034,Machilipatnam,,
,5051,Krosuru,,
,5060,Nekarikallu,,
,5061,Bollapalle,,
,5065,Ipur,,
,5067,Narasaraopet,,
,5070,Chilakaluripet H/O.Purushotha Patnam,,
,5074,Guntur,,
,5084,Ponnur,,
,5112,Addanki,,
,5123,Chirala,,
,5126,Naguluppala Padu,,
,5197,Sullurpeta,,
,5231,Chinthakommadinne,,
,5249,Kodur,,
,5269,Kodumur,,
,5283,Bandi Atmakur,,
,5339,Mudigubba,,
,5383,Tirupati (Urban),,
,5390,Pedda Thippasamudram,,
,5396,Pakala,,
,5414,Ramasamudram,,
,5415,Punganur,,
,5423,Baireddipalle,,
,5425,Santhipuram,,
,5433,Chikodi,,
,5434,Athni,,
,5438,Belgaum,,
,5453,Muddebihal,,
,5454,Basavakalyan,,
,5456,Aurad,,
,5457,Bidar,,
,5459,Lingsugur,,
,5461,Raichur,,
,5462,Manvi,,
,5464,Yelbarga,,
,5465,Kushtagi,,
,5466,Gangawati,,
,5467,Koppal,,
,5477,Kundgol,,
,5480,Haliyal,,
,5483,Sirsi,,
,5486,Siddapur,,
,5491,Hangal,,
,5492,Haveri,,
,5493,Byadgi,,
,5497,Hagaribommanahalli,,
,5499,Siruguppa,,
,5501,Sandur,,
,5504,Challakere,,
,5507,Hosdurga,,
,5510,Harapanahalli,,
,5520,Shimoga,,
,5521,Bhadravati,,
,5523,Udupi,,
,5524,Karkal,,
,5533,Sira,,
,5537,Tumkur,,
,5538,Gubbi,,
,5540,Turuvekere,,
,5541,Kunigal,,
,5564,Puttur,,
,5567,Somvarpet,,
,5572,Mysore,,
,5581,Afzalpur,,
,5582,Gulbarga,,
,5587,Shorapur,,
,5589,Yadgir,,
,5596,Chikkaballapura,,
,5598,Bagepalli,,
,5605,Magadi,,
,5606,Ramanagara,,
,5610,Bardez,,
,5612,Bicholim,,
,5614,Ponda,,
,5631,Hosdurg,,
,5632,Taliparamba,,
,5636,Sulthanbathery,,
,5637,Vythiri,,
,5638,Vadakara,,
,5639,Quilandy,,
,5640,Kozhikode,,
,5645,Tirurangadi,,
,5647,Ottappalam,,
,5649,Palakkad,,
,5650,Chittur,,
,5651,Alathur,,
,5652,Talappilly,,
,5654,Thrissur,,
,5657,Kunnathunad,,
,5662,Muvattupuzha,,
,5673,Cherthala,,
,5674,Ambalappuzha,,
,5675,Kuttanad,,
,5677,Chengannur,,
,5678,Mavelikkara,,
,5679,Thiruvalla,,
,5686,Pathanapuram,,
,5689,Chirayinkeezhu,,
,5692,Neyyattinkara,,
,5700,Ambattur,,
,5705,Sholinganallur,,
,5706,Chengalpattu,,
,5712,Gudiyatham,,
,5714,Wallajah,,
,5715,Arakonam,,
,5719,Ambur,,
,5720,Tirupathur,,
,5723,Vandavasi,,
,5724,Polur,,
,5727,Tiruvannamalai,,
,5728,Gingee,,
,5731,Viluppuram,,
,5732,Tirukkoyilur,,
,5734,Kallakkurichi,,
,5737,Omalur,,
,5740,Salem,,
,5743,Attur,,
,5747,Namakkal,,
,5754,Panthalur,,
,5762,Vedasandur,,
,5764,Dindigul,,
,5771,Kulithalai,,
,5783,Perambalur,,
,5791,Chidambaram,,
,5801,Thirukkuvalai,,
,5810,Thiruvidaimarudur,,
,5812,Papanasam,,
,5814,Thanjavur,,
,5816,Pattukkottai,,
,5819,Kulathur,,
,5830,Karaikkudi,,
,5835,Melur,,
,5836,Madurai North,,
,5837,Vadipatti,,
,5841,Madurai South,,
,5844,Theni,,
,5849,Sivakasi,,
,5853,Aruppukkottai,,
,5868,Tiruchendur,,
,5876,Tirunelveli,,
,5884,Agastheeswaram,,
,5886,Harur,,
,5887,Pappireddipatti,,
,5888,Dharmapuri,,
,5892,Denkanikottai,,
,5894,Uthangarai,,
,5899,Pollachi,,
,5902,Dharapuram,,
,5906,Udumalaipettai,,
,99999,Area not under any Sub-district,,
AA15,24,Kangra,,
,26,Kullu,,
,30,Bilaspur,,
,31,Solan,,
,32,Sirmaur,,
,33,Shimla,,
,35,Gurdaspur,,
,36,Kapurthala,,
,37,Jalandhar,,
,38,Hoshiarpur,,
,39,Shahid Bhagat Singh Nagar,,
,40,Fatehgarh Sahib,,
,42,Moga,,
,43,Firozpur,,
,44,Muktsar,,
,46,Bathinda,,
,48,Patiala,,
,49,Amritsar,,
,50,Tarn Taran,,
,53,Sangrur,,
,54,Barnala,,
,55,Chandigarh,,
,56,Uttarkashi,,
,59,Tehri Garhwal,,
,60,Dehradun,,
,62,Pithoragarh,,
,66,Nainital,,
,67,Udham Singh Nagar,,
,68,Hardwar,,
,69,Panchkula,,
,70,Ambala,,
,71,Yamunanagar,,
,72,Kurukshetra,,
,75,Panipat,,
,80,Hisar,,
,81,Bhiwani,,
,82,Rohtak,,
,83,Jhajjar,,
,84,Mahendragarh,,
,85,Rewari,,
,86,Gurgaon,,
,87,Mewat,,
,88,Faridabad,,
,89,Palwal,,
,90,North West Delhi,,
,91,North Delhi,,
,93,East Delhi,,
,94,New Delhi,,
,95,Central Delhi,,
,96,West Delhi,,
,97,South West Delhi,,
,98,South Delhi,,
,99,Ganganagar,,
,100,Hanumangarh,,
,101,Bikaner,,
,102,Churu,,
,103,Jhunjhunun,,
,104,Alwar,,
,105,Bharatpur,,
,106,Dhaulpur,,
,107,Karauli,,
,108,Sawai Madhopur,,
,109,Dausa,,
,110,Jaipur,,
,111,Sikar,,
,112,Nagaur,,
,113,Jodhpur,,
,114,Jaisalmer,,
,115,Barmer,,
,116,Jalor,,
,117,Sirohi,,
,118,Pali,,
,119,Ajmer,,
,123,Rajsamand,,
,124,Dungarpur,,
,126,Chittaurgarh,,
,127,Kota,,
,128,Baran,,
,130,Udaipur,,
,131,Pratapgarh,,
,132,Saharanpur,,
,133,Muzaffarnagar,,
,134,Bijnor,,
,135,Moradabad,,
,136,Rampur,,
,138,Meerut,,
,139,Baghpat,,
,140,Ghaziabad,,
,141,Gautam Buddha Nagar,,
,142,Bulandshahr,,
,143,Aligarh,,
,145,Mathura,,
,146,Agra,,
,147,Firozabad,,
,148,Mainpuri,,
,149,Budaun,,
,150,Bareilly,,
,151,Pilibhit,,
,152,Shahjahanpur,,
,153,Kheri,,
,154,Sitapur,,
,155,Hardoi,,
,156,Unnao,,
,157,Lucknow,,
,158,Rae Bareli,,
,159,Farrukhabad,,
,160,Kannauj,,
,161,Etawah,,
,163,Kanpur Dehat,,
,164,Kanpur Nagar,,
,166,Jhansi,,
,167,Lalitpur,,
,170,Banda,,
,171,Chitrakoot,,
,172,Fatehpur,,
,173,Pratapgarh,,
,174,Kaushambi,,
,175,Allahabad,,
,176,Bara Banki,,
,177,Faizabad,,
,178,Ambedkar Nagar,,
,179,Sultanpur,,
,180,Bahraich,,
,182,Balrampur,,
,183,Gonda,,
,184,Siddharthnagar,,
,185,Basti,,
,186,Sant Kabir Nagar,,
,187,Mahrajganj,,
,188,Gorakhpur,,
,189,Kushinagar,,
,190,Deoria,,
,191,Azamgarh,,
,193,Ballia,,
,194,Jaunpur,,
,195,Ghazipur,,
,196,Chandauli,,
,197,Varanasi,,
,198,Sant Ravidas Nagar (Bhadohi),,
,200,Sonbhadra,,
,201,Etah,,
,202,Kanshiram Nagar,,
,203,Pashchim Champaran,,
,204,Purba Champaran,,
,205,Sheohar,,
,206,Sitamarhi,,
,207,Madhubani,,
,208,Supaul,,
,209,Araria,,
,210,Kishanganj,,
,211,Purnia,,
,212,Katihar,,
,213,Madhepura,,
,214,Saharsa,,
,215,Darbhanga,,
,216,Muzaffarpur,,
,217,Gopalganj,,
,218,Siwan,,
,219,Saran,,
,220,Vaishali,,
,222,Begusarai,,
,224,Bhagalpur,,
,226,Munger,,
,227,Lakhisarai,,
,229,Nalanda,,
,230,Patna,,
,231,Bhojpur,,
,232,Buxar,,
,233,Kaimur (Bhabua),,
,234,Rohtas,,
,235,Aurangabad,,
,236,Gaya,,
,237,Nawada,,
,238,Jamui,,
,239,Jehanabad,,
,240,Arwal,,
,245,West Kameng,,
,247,East Kameng,,
,262,Mokokchung,,
,267,Tuensang,,
,268,Longleng,,
,272,Senapati (Excluding 3 Sub-Divisions),,
,274,Churachandpur,,
,277,Imphal West,,
,278,Imphal East,,
,289,West Tripura,,
,291,Dhalai,,
,292,North Tripura,,
,298,East Khasi Hills,,
,300,Kokrajhar,,
,301,Dhubri,,
,302,Goalpara,,
,303,Barpeta,,
,304,Morigaon,,
,305,Nagaon,,
,306,Sonitpur,,
,307,Lakhimpur,,
,309,Tinsukia,,
,310,Dibrugarh,,
,312,Jorhat,,
,314,Karbi Anglong,,
,316,Cachar,,
,317,Karimganj,,
,321,Kamrup,,
,323,Nalbari,,
,325,Darrang,,
,326,Udalguri,,
,327,Darjiling,,
,328,Jalpaiguri,,
,329,Koch Bihar,,
,330,Uttar Dinajpur,,
,331,Dakshin Dinajpur,,
,332,Maldah,,
,333,Murshidabad,,
,334,Birbhum,,
,335,Barddhaman,,
,336,Nadia,,
,337,North Twenty Four Parganas,,
,338,Hugli,,
,339,Bankura,,
,340,Puruliya,,
,341,Haora,,
,342,Kolkata,,
,343,South Twenty Four Parganas,,
,344,Paschim Medinipur,,
,345,Purba Medinipur,,
,346,Garhwa,,
,347,Chatra,,
,348,Kodarma,,
,349,Giridih,,
,350,Deoghar,,
,352,Sahibganj,,
,353,Pakur,,
,354,Dhanbad,,
,355,Bokaro,,
,357,Purbi Singhbhum,,
,358,Palamu,,
,359,Latehar,,
,362,Dumka,,
,364,Ranchi,,
,365,Khunti,,
,367,Simdega,,
,368,Pashchimi Singhbhum,,
,369,Saraikela-Kharsawan,,
,370,Bargarh,,
,371,Jharsuguda,,
,372,Sambalpur,,
,373,Debagarh,,
,374,Sundargarh,,
,375,Kendujhar,,
,376,Mayurbhanj,,
,377,Baleshwar,,
,378,Bhadrak,,
,379,Kendrapara,,
,380,Jagatsinghapur,,
,381,Cuttack,,
,382,Jajapur,,
,383,Dhenkanal,,
,384,Anugul,,
,386,Khordha,,
,387,Puri,,
,388,Ganjam,,
,389,Gajapati,,
,392,Subarnapur,,
,393,Balangir,,
,394,Nuapada,,
,395,Kalahandi,,
,396,Rayagada,,
,397,Nabarangapur,,
,398,Koraput,,
,399,Malkangiri,,
,400,Koriya,,
,401,Surguja,,
,403,Raigarh,,
,404,Korba,,
,405,Janjgir - Champa,,
,406,Bilaspur,,
,408,Rajnandgaon,,
,409,Durg,,
,410,Raipur,,
,412,Dhamtari,,
,413,Uttar Bastar Kanker,,
,414,Bastar,,
,416,Dakshin Bastar Dantewada,,
,419,Morena,,
,420,Bhind,,
,421,Gwalior,,
,422,Datia,,
,423,Shivpuri,,
,424,Tikamgarh,,
,426,Panna,,
,427,Sagar,,
,428,Damoh,,
,429,Satna,,
,430,Rewa,,
,431,Umaria,,
,432,Neemuch,,
,433,Mandsaur,,
,435,Ujjain,,
,436,Shajapur,,
,438,Dhar,,
,439,Indore,,
,441,Barwani,,
,442,Rajgarh,,
,443,Vidisha,,
,444,Bhopal,,
,446,Raisen,,
,447,Betul,,
,448,Harda,,
,449,Hoshangabad,,
,450,Katni,,
,452,Narsimhapur,,
,454,Mandla,,
,455,Chhindwara,,
,456,Seoni,,
,457,Balaghat,,
,458,Guna,,
,459,Ashoknagar,,
,463,Singrauli,,
,464,Jhabua,,
,466,Khandwa (East Nimar),,
,467,Burhanpur,,
,468,Kachchh,,
,469,Banas Kantha,,
,471,Mahesana,,
,472,Sabar Kantha,,
,474,Ahmadabad,,
,475,Surendranagar,,
,476,Rajkot,,
,477,Jamnagar,,
,479,Junagadh,,
,480,Amreli,,
,481,Bhavnagar,,
,482,Anand,,
,483,Kheda,,
,484,Panch Mahals,,
,485,Dohad,,
,486,Vadodara,,
,488,Bharuch,,
,490,Navsari,,
,492,Surat,,
,497,Nandurbar,,
,498,Dhule,,
,499,Jalgaon,,
,500,Buldana,,
,501,Akola,,
,502,Washim,,
,503,Amravati,,
,504,Wardha,,
,505,Nagpur,,
,506,Bhandara,,
,507,Gondiya,,
,508,Gadchiroli,,
,509,Chandrapur,,
,511,Nanded,,
,512,Hingoli,,
,513,Parbhani,,
,515,Aurangabad,,
,516,Nashik,,
,517,Thane,,
,518,Mumbai Suburban,,
,520,Raigarh,,
,521,Pune,,
,522,Ahmadnagar,,
,523,Bid,,
,524,Latur,,
,525,Osmanabad,,
,526,Solapur,,
,527,Satara,,
,528,Ratnagiri,,
,529,Sindhudurg,,
,530,Kolhapur,,
,531,Sangli,,
,532,Adilabad,,
,533,Nizamabad,,
,534,Karimnagar,,
,535,Medak,,
,536,Hyderabad,,
,537,Rangareddy,,
,538,Mahbubnagar,,
,539,Nalgonda,,
,540,Warangal,,
,542,Srikakulam,,
,543,Vizianagaram,,
,544,Visakhapatnam,,
,545,East Godavari,,
,546,West Godavari,,
,547,Krishna,,
,548,Guntur,,
,549,Prakasam,,
,550,Sri Potti Sriramulu Nellore,,
,551,Y.S.R.,,
,552,Kurnool,,
,553,Anantapur,,
,554,Chittoor,,
,555,Belgaum,,
,557,Bijapur,,
,558,Bidar,,
,559,Raichur,,
,560,Koppal,,
,562,Dharwad,,
,563,Uttara Kannada,,
,564,Haveri,,
,565,Bellary,,
,566,Chitradurga,,
,567,Davanagere,,
,568,Shimoga,,
,569,Udupi,,
,571,Tumkur,,
,572,Bangalore,,
,575,Dakshina Kannada,,
,576,Kodagu,,
,577,Mysore,,
,579,Gulbarga,,
,580,Yadgir,,
,582,Chikkaballapura,,
,584,Ramanagara,,
,585,North Goa,,
,588,Kasaragod,,
,589,Kannur,,
,590,Wayanad,,
,591,Kozhikode,,
,592,Malappuram,,
,593,Palakkad,,
,594,Thrissur,,
,595,Ernakulam,,
,598,Alappuzha,,
,599,Pathanamthitta,,
,600,Kollam,,
,601,Thiruvananthapuram,,
,602,Thiruvallur,,
,603,Chennai,,
,604,Kancheepuram,,
,605,Vellore,,
,606,Tiruvannamalai,,
,607,Viluppuram,,
,608,Salem,,
,609,Namakkal,,
,611,The Nilgiris,,
,612,Dindigul,,
,613,Karur,,
,615,Perambalur,,
,617,Cuddalore,,
,618,Nagapattinam,,
,620,Thanjavur,,
,621,Pudukkottai,,
,622,Sivaganga,,
,623,Madurai,,
,624,Theni,,
,625,Virudhunagar,,
,627,Thoothukkudi,,
,628,Tirunelveli,,
,629,Kanniyakumari,,
,630,Dharmapuri,,
,631,Krishnagiri,,
,632,Coimbatore,,
,633,Tiruppur,,